epoch,time,train/box_loss,train/cls_loss,train/dfl_loss,metrics/precision(B),metrics/recall(B),metrics/mAP50(B),metrics/mAP50-95(B),val/box_loss,val/cls_loss,val/dfl_loss,lr/pg0,lr/pg1,lr/pg2
1,3.02764,4.79014,16.2286,3.31768,0,0,0,0,3.54722,17.2898,1.62805,0.09901,1e-05,1e-05
2,3.5186,4.52089,9.26613,3.15929,0,0,0,0,3.54485,17.652,1.63093,0.0970299,2.9901e-05,2.9901e-05
3,3.92432,4.99836,16.1992,3.26259,0,0,0,0,3.54591,17.8052,1.63599,0.0950497,4.967e-05,4.967e-05
4,4.39268,4.6447,15.7892,2.8865,0,0,0,0,5.82829,4.65641,4.33935,0.0930693,6.9307e-05,6.9307e-05
5,4.97623,3.94617,9.41422,2.41434,0,0,0,0,6.01774,4.73941,5.12049,0.0910888,8.8812e-05,8.8812e-05
6,5.52507,4.09649,8.9977,2.53507,0,0,0,0,5.86154,4.9069,5.12096,0.0891082,0.000108185,0.000108185
7,6.06221,3.78469,6.81094,2.24266,0,0,0,0,5.12526,4.59766,4.15159,0.0871274,0.000127426,0.000127426
8,6.58613,4.19635,7.18951,2.4125,0,0,0,0,4.9255,4.44922,4.0114,0.0851465,0.000146535,0.000146535
9,7.11569,4.1866,6.06039,2.32013,0,0,0,0,4.81831,4.5,3.71905,0.0831655,0.000165512,0.000165512
10,7.63024,3.93604,5.67521,2.17659,0,0,0,0,4.74053,4.66406,3.35943,0.0811844,0.000184357,0.000184357
11,8.14945,3.50877,5.65033,2.01037,0,0,0,0,5.09703,5.32724,3.29092,0.0792031,0.00020307,0.00020307
12,8.66278,3.37158,5.74366,1.88251,0,0,0,0,4.82832,5.40271,2.88885,0.0772217,0.000221651,0.000221651
13,9.16871,3.32248,5.18618,1.73483,0,0,0,0,4.49444,5.45374,2.56993,0.0752401,0.0002401,0.0002401
14,9.70712,3.26345,4.96604,1.87375,0,0,0,0,4.28379,5.48894,2.38609,0.0732584,0.000258417,0.000258417
15,10.3352,3.46455,5.72407,2.1337,0,0,0,0,4.06395,5.51939,2.22967,0.0712766,0.000276602,0.000276602
16,10.8677,3.48637,4.72768,1.85315,0,0,0,0,3.89968,5.54485,2.12188,0.0692947,0.000294655,0.000294655
17,11.3902,3.03029,4.68962,1.82652,0,0,0,0,3.48793,5.57182,1.86855,0.0673126,0.000312576,0.000312576
18,11.9271,3.25891,4.72687,1.86667,0,0,0,0,2.98098,5.64698,1.60013,0.0653304,0.000330365,0.000330365
19,12.4582,3.19673,4.41505,1.80718,0,0,0,0,2.86089,5.72973,1.58201,0.063348,0.000348022,0.000348022
20,12.9742,3.13227,4.49542,1.67746,0,0,0,0,3.15378,5.77376,1.65731,0.0613655,0.000365547,0.000365547
21,13.5283,3.33799,4.65569,1.84138,0,0,0,0,3.26804,5.78982,1.68202,0.0593829,0.00038294,0.00038294
22,14.1764,3.10452,4.52813,1.59033,0,0,0,0,3.21097,5.80172,1.62327,0.0574002,0.000400201,0.000400201
23,14.7318,3.15772,4.1902,1.78013,0,0,0,0,3.24063,5.81494,1.5977,0.0554173,0.00041733,0.00041733
24,15.2788,2.85834,3.64474,1.73795,0,0,0,0,3.39523,5.87594,1.66067,0.0534343,0.000434327,0.000434327
25,15.8053,3.11325,3.9348,1.68723,0,0,0,0,3.4137,6.00316,1.71465,0.0514512,0.000451192,0.000451192
26,16.3214,2.79823,4.15001,1.63963,0,0,0,0,3.5654,6.13641,1.91012,0.0494679,0.000467925,0.000467925
27,16.8384,3.02567,3.60325,1.77711,0,0,0,0,3.81225,6.17236,2.07742,0.0474845,0.000484526,0.000484526
28,17.3398,3.26078,3.59178,1.61363,0,0,0,0,3.81225,6.17236,2.07742,0.045501,0.000500995,0.000500995
29,18.042,2.94539,3.80289,1.59287,0,0,0,0,4.07599,6.17425,2.35429,0.0435173,0.000517332,0.000517332
30,18.7456,2.80962,3.28288,1.50276,0,0,0,0,3.79519,6.22164,2.04658,0.0415335,0.000533537,0.000533537
31,19.3112,3.13834,3.51908,1.61186,0,0,0,0,3.79519,6.22164,2.04658,0.0395496,0.00054961,0.00054961
32,19.8477,3.07936,3.81442,1.68315,0,0,0,0,3.02092,6.13781,1.60825,0.0375656,0.000565551,0.000565551
33,20.3845,2.79537,2.97556,1.51964,0,0,0,0,2.94938,6.14041,1.57764,0.0355814,0.00058136,0.00058136
34,20.8879,2.54125,3.10507,1.37962,0,0,0,0,2.94938,6.14041,1.57764,0.033597,0.000597037,0.000597037
35,21.4015,2.64032,3.01768,1.5084,0,0,0,0,3.20275,6.11427,1.63187,0.0316126,0.000612582,0.000612582
36,21.9359,2.28406,3.25047,1.3863,0,0,0,0,3.10299,6.13366,1.7404,0.029628,0.000627995,0.000627995
37,22.4673,3.09019,3.65413,1.5983,0,0,0,0,3.10299,6.13366,1.7404,0.0276433,0.000643276,0.000643276
38,23.0071,2.71967,3.17401,1.7321,0,0,0,0,2.9281,6.11966,1.71452,0.0256584,0.000658425,0.000658425
39,23.5368,3.00493,3.38375,1.54598,0,0,0,0,3.50002,6.11573,1.95275,0.0236734,0.000673442,0.000673442
40,24.0511,3.20749,3.30004,1.68428,0,0,0,0,3.50002,6.11573,1.95275,0.0216883,0.000688327,0.000688327
41,24.5758,2.73353,2.93758,1.54487,0,0,0,0,3.57807,6.1102,1.97362,0.0197031,0.00070308,0.00070308
42,25.1709,2.72107,3.28131,1.62758,0,0,0,0,3.42282,6.156,1.87753,0.0177177,0.000717701,0.000717701
43,25.68,2.71465,3.41077,1.5299,0,0,0,0,3.42282,6.156,1.87753,0.0157322,0.00073219,0.00073219
44,26.2247,2.95372,3.73294,1.62317,0,0,0,0,2.61534,6.20304,1.44227,0.0137465,0.000746547,0.000746547
45,26.7396,2.36441,3.33166,1.50358,0,0,0,0,2.61534,6.20304,1.44227,0.0117608,0.000760772,0.000760772
46,27.301,2.57934,2.82015,1.4889,0,0,0,0,2.34006,5.88281,1.17292,0.00977486,0.000774865,0.000774865
47,27.8199,2.43972,3.33483,1.42455,0,0,0,0,2.34006,5.88281,1.17292,0.00778883,0.000788826,0.000788826
48,28.3655,2.45845,2.57447,1.55367,0,0,0,0,2.14111,5.19922,0.99693,0.00580266,0.000802655,0.000802655
49,28.8908,2.23214,2.56633,1.372,0,0,0,0,2.14111,5.19922,0.99693,0.00381635,0.000816352,0.000816352
50,29.4238,2.7685,3.07703,1.56334,0,0,0,0,1.99484,4.33594,0.8399,0.00182992,0.000829917,0.000829917
51,29.9699,2.43821,2.61897,1.44788,0,0,0,0,1.99484,4.33594,0.8399,0.000835,0.000835,0.000835
52,30.5086,2.66119,3.02462,1.46697,0,0,0,0,2.34006,4.08984,0.98916,0.0008317,0.0008317,0.0008317
53,31.0178,2.82074,3.31208,1.54948,0,0,0,0,2.34006,4.08984,0.98916,0.0008284,0.0008284,0.0008284
54,31.554,2.51425,3.13653,1.50207,0,0,0,0,2.75618,4.625,1.25413,0.0008251,0.0008251,0.0008251
55,32.0834,2.46803,2.77412,1.54537,0,0,0,0,2.75618,4.625,1.25413,0.0008218,0.0008218,0.0008218
56,32.6322,2.54755,2.67386,1.49271,0,0,0,0,2.3849,3.94141,1.02309,0.0008185,0.0008185,0.0008185
57,33.1465,2.72737,2.76037,1.5875,0,0,0,0,2.3849,3.94141,1.02309,0.0008152,0.0008152,0.0008152
58,33.6614,2.51409,2.62054,1.42943,0,0,0,0,2.13254,3.75,0.85149,0.0008119,0.0008119,0.0008119
59,34.1794,2.18684,2.31346,1.31275,0,0,0,0,2.13254,3.75,0.85149,0.0008086,0.0008086,0.0008086
60,34.7234,2.40074,2.24507,1.43954,0,0,0,0,2.05924,4.01953,0.82089,0.0008053,0.0008053,0.0008053
61,35.2481,2.29016,2.51266,1.34772,0,0,0,0,2.05924,4.01953,0.82089,0.000802,0.000802,0.000802
62,35.8756,2.97265,3.0674,1.34354,0,0,0,0,2.02467,4.86328,0.88377,0.0007987,0.0007987,0.0007987
63,36.5988,2.14046,1.94289,1.35299,0,0,0,0,2.02467,4.86328,0.88377,0.0007954,0.0007954,0.0007954
64,37.3742,2.51952,2.73336,1.45981,0,0,0,0,2.27915,6.18359,1.03559,0.0007921,0.0007921,0.0007921
65,37.949,2.49133,2.30511,1.45904,0,0,0,0,2.27915,6.18359,1.03559,0.0007888,0.0007888,0.0007888
66,38.4863,2.51939,2.42512,1.46254,0,0,0,0,3.20772,7.94712,1.41644,0.0007855,0.0007855,0.0007855
67,38.9877,2.092,1.93484,1.27122,0,0,0,0,3.20772,7.94712,1.41644,0.0007822,0.0007822,0.0007822
68,39.522,2.60417,2.70311,1.41683,0,0,0,0,3.29091,7.1636,1.39498,0.0007789,0.0007789,0.0007789
69,40.151,2.32909,2.16561,1.3226,0,0,0,0,3.29091,7.1636,1.39498,0.0007756,0.0007756,0.0007756
70,40.6977,1.96683,1.83419,1.23472,0,0,0,0,3.66881,6.88518,1.41352,0.0007723,0.0007723,0.0007723
71,41.2264,2.26188,2.15654,1.24923,0,0,0,0,3.66881,6.88518,1.41352,0.000769,0.000769,0.000769
72,41.7648,2.3858,2.18809,1.42329,0,0,0,0,3.92122,7.00111,1.44778,0.0007657,0.0007657,0.0007657
73,42.2915,2.45531,2.24175,1.33999,0,0,0,0,3.92122,7.00111,1.44778,0.0007624,0.0007624,0.0007624
74,42.8353,2.07166,1.91894,1.33951,0,0,0,0,4.13037,7.02488,1.50412,0.0007591,0.0007591,0.0007591
75,43.3559,2.57668,2.29047,1.42612,0,0,0,0,4.13037,7.02488,1.50412,0.0007558,0.0007558,0.0007558
76,43.8965,2.02884,1.99208,1.25029,0,0,0,0,4.13264,6.92353,1.52962,0.0007525,0.0007525,0.0007525
77,44.4423,2.33875,2.26664,1.34877,0,0,0,0,4.13264,6.92353,1.52962,0.0007492,0.0007492,0.0007492
78,44.9862,2.5809,2.7123,1.4953,0,0,0,0,4.04564,6.94626,1.54802,0.0007459,0.0007459,0.0007459
79,45.5135,1.95613,1.97247,1.25342,0,0,0,0,4.04564,6.94626,1.54802,0.0007426,0.0007426,0.0007426
80,46.0784,2.46112,2.60377,1.44082,0,0,0,0,4.08227,7.22194,1.55862,0.0007393,0.0007393,0.0007393
81,46.6027,2.08734,2.09861,1.25108,0,0,0,0,4.08227,7.22194,1.55862,0.000736,0.000736,0.000736
82,47.2231,2.36942,2.55421,1.39011,0,0,0,0,4.04318,7.72341,1.54306,0.0007327,0.0007327,0.0007327
83,47.7448,2.03237,1.67361,1.33762,0,0,0,0,4.04318,7.72341,1.54306,0.0007294,0.0007294,0.0007294
84,48.3011,2.08886,1.9839,1.25798,0,0,0,0,3.99986,8.79543,1.54581,0.0007261,0.0007261,0.0007261
85,48.8976,2.19824,2.06726,1.34935,0,0,0,0,3.99986,8.79543,1.54581,0.0007228,0.0007228,0.0007228
86,49.4674,2.34454,2.21341,1.5329,0,0,0,0,3.94093,9.87798,1.49505,0.0007195,0.0007195,0.0007195
87,50.0044,2.46393,2.21331,1.33754,0,0,0,0,3.94093,9.87798,1.49505,0.0007162,0.0007162,0.0007162
88,50.5414,2.29974,2.14198,1.4496,0,0,0,0,3.7665,12.3113,1.4541,0.0007129,0.0007129,0.0007129
89,51.07,2.33431,1.90411,1.2931,0,0,0,0,3.7665,12.3113,1.4541,0.0007096,0.0007096,0.0007096
90,51.585,2.45834,2.46718,1.3895,0,0,0,0,3.94281,11.7827,1.56614,0.0007063,0.0007063,0.0007063
91,52.1042,2.00454,1.91101,1.10373,0,0,0,0,3.94281,11.7827,1.56614,0.000703,0.000703,0.000703
92,52.6551,2.03551,1.65763,1.23802,0,0,0,0,4.10293,10.4815,1.67156,0.0006997,0.0006997,0.0006997
93,53.1765,2.25321,2.16476,1.21514,0,0,0,0,4.10293,10.4815,1.67156,0.0006964,0.0006964,0.0006964
94,53.7076,2.00448,2.54128,1.1928,0,0,0,0,4.21119,9.64573,1.73941,0.0006931,0.0006931,0.0006931
95,54.2199,2.15062,1.81999,1.28274,0,0,0,0,4.21119,9.64573,1.73941,0.0006898,0.0006898,0.0006898
96,54.947,2.16998,1.9116,1.30739,0,0,0,0,4.19877,9.71769,1.7977,0.0006865,0.0006865,0.0006865
97,55.6427,2.29178,1.78146,1.51944,0,0,0,0,4.19877,9.71769,1.7977,0.0006832,0.0006832,0.0006832
98,56.293,2.36543,2.25646,1.24677,0,0,0,0,4.16409,10.1098,1.85382,0.0006799,0.0006799,0.0006799
99,56.8267,1.99427,2.10504,1.25726,0,0,0,0,4.16409,10.1098,1.85382,0.0006766,0.0006766,0.0006766
100,57.3724,1.8169,1.49218,1.28582,0,0,0,0,4.16614,11.4934,1.90707,0.0006733,0.0006733,0.0006733
101,57.8931,1.80244,1.59747,1.18307,0,0,0,0,4.16614,11.4934,1.90707,0.00067,0.00067,0.00067
102,58.5121,1.81366,1.68266,1.12759,0,0,0,0,4.2286,11.6372,1.96217,0.0006667,0.0006667,0.0006667
103,59.0507,2.0365,1.78866,1.24916,0,0,0,0,4.2286,11.6372,1.96217,0.0006634,0.0006634,0.0006634
104,59.6113,1.77116,1.54972,1.17764,0,0,0,0,4.27576,9.72638,1.94311,0.0006601,0.0006601,0.0006601
105,60.1259,2.30627,1.95302,1.4362,0,0,0,0,4.27576,9.72638,1.94311,0.0006568,0.0006568,0.0006568
106,60.6672,2.07219,1.62507,1.30846,0,0,0,0,4.14869,9.00006,1.86822,0.0006535,0.0006535,0.0006535
107,61.1657,2.05364,1.79871,1.38786,0,0,0,0,4.14869,9.00006,1.86822,0.0006502,0.0006502,0.0006502
108,61.6896,2.24597,2.2174,1.30966,0,0,0,0,3.93761,8.02868,1.84056,0.0006469,0.0006469,0.0006469
109,62.1991,2.08831,1.70057,1.23648,0,0,0,0,3.93761,8.02868,1.84056,0.0006436,0.0006436,0.0006436
110,62.731,1.67295,1.56667,1.1259,0,0,0,0,3.71621,7.41513,1.77505,0.0006403,0.0006403,0.0006403
111,63.2674,2.18426,1.84979,1.10533,0,0,0,0,3.71621,7.41513,1.77505,0.000637,0.000637,0.000637
112,63.8356,1.90324,2.12742,1.15515,0,0,0,0,3.70573,7.02883,1.75981,0.0006337,0.0006337,0.0006337
113,64.3801,1.67143,1.56044,1.29862,0,0,0,0,3.70573,7.02883,1.75981,0.0006304,0.0006304,0.0006304
114,64.9303,1.89464,1.89675,1.11166,0,0,0,0,3.82861,6.93316,1.81467,0.0006271,0.0006271,0.0006271
115,65.446,2.15614,1.86887,1.43805,0,0,0,0,3.82861,6.93316,1.81467,0.0006238,0.0006238,0.0006238
116,65.9802,1.7581,1.48039,1.17428,0,0,0,0,3.88791,6.9237,1.87205,0.0006205,0.0006205,0.0006205
117,66.4889,1.90173,1.59478,1.25357,0,0,0,0,3.88791,6.9237,1.87205,0.0006172,0.0006172,0.0006172
118,67.0328,1.84476,1.63017,1.36119,0,0,0,0,3.88233,7.31086,1.90187,0.0006139,0.0006139,0.0006139
119,67.5396,1.91006,1.76468,1.25032,0,0,0,0,3.88233,7.31086,1.90187,0.0006106,0.0006106,0.0006106
120,68.0761,1.84752,1.68884,1.26203,0,0,0,0,3.72199,7.91959,1.89429,0.0006073,0.0006073,0.0006073
121,68.6057,1.84414,1.58931,1.24377,0,0,0,0,3.72199,7.91959,1.89429,0.000604,0.000604,0.000604
122,69.2388,1.76011,1.43458,1.12558,0,0,0,0,3.65934,8.22968,1.89521,0.0006007,0.0006007,0.0006007
123,69.7631,2.1611,2.44189,1.33076,0,0,0,0,3.65934,8.22968,1.89521,0.0005974,0.0005974,0.0005974
124,70.4353,1.6835,1.38719,1.13447,0,0,0,0,2.90828,7.53906,1.66388,0.0005941,0.0005941,0.0005941
125,70.9578,1.71569,1.4024,1.10628,0,0,0,0,2.90828,7.53906,1.66388,0.0005908,0.0005908,0.0005908
126,71.4935,1.95938,1.71867,1.14062,0,0,0,0,2.81877,7.10938,1.65286,0.0005875,0.0005875,0.0005875
127,72.0265,1.66942,1.36939,1.11416,0,0,0,0,2.81877,7.10938,1.65286,0.0005842,0.0005842,0.0005842
128,72.56,2.16495,1.78595,1.27906,0,0,0,0,3.11714,7.14453,1.7628,0.0005809,0.0005809,0.0005809
129,73.2745,1.97647,1.60579,1.2684,0,0,0,0,3.11714,7.14453,1.7628,0.0005776,0.0005776,0.0005776
130,74.0268,1.85026,1.43637,1.13146,0,0,0,0,3.40331,7.00391,1.86654,0.0005743,0.0005743,0.0005743
131,74.7084,1.52774,1.26417,1.11742,0,0,0,0,3.40331,7.00391,1.86654,0.000571,0.000571,0.000571
132,75.2603,2.00767,1.75708,1.21884,0,0,0,0,3.90865,7.22656,2.05785,0.0005677,0.0005677,0.0005677
133,75.7848,1.68433,1.42485,1.17391,0,0,0,0,3.90865,7.22656,2.05785,0.0005644,0.0005644,0.0005644
134,76.3529,1.68438,1.28703,1.08862,0,0,0,0,4.21005,7.40234,2.17478,0.0005611,0.0005611,0.0005611
135,76.9095,1.80514,1.42112,1.17726,0,0,0,0,4.21005,7.40234,2.17478,0.0005578,0.0005578,0.0005578
136,77.4721,2.39769,2.14844,1.44902,0,0,0,0,4.19531,7.60938,2.14598,0.0005545,0.0005545,0.0005545
137,78.002,2.24028,1.72882,1.19147,0,0,0,0,4.19531,7.60938,2.14598,0.0005512,0.0005512,0.0005512
138,78.5659,1.73011,1.35601,1.11677,0,0,0,0,4.03129,7.5625,2.04695,0.0005479,0.0005479,0.0005479
139,79.088,1.83207,1.35891,1.22446,0,0,0,0,4.03129,7.5625,2.04695,0.0005446,0.0005446,0.0005446
140,79.6488,1.86281,1.4978,1.22208,0,0,0,0,4.1464,7.72656,2.06281,0.0005413,0.0005413,0.0005413
141,80.1685,1.93064,1.3218,1.233,0,0,0,0,4.1464,7.72656,2.06281,0.000538,0.000538,0.000538
142,80.7924,1.96017,1.42724,1.2874,0,0,0,0,4.17445,7.77777,2.10063,0.0005347,0.0005347,0.0005347
143,81.308,1.69222,1.34558,1.13253,0,0,0,0,4.17445,7.77777,2.10063,0.0005314,0.0005314,0.0005314
144,81.8679,1.86955,1.45083,1.22728,0,0,0,0,4.06255,7.52832,2.07222,0.0005281,0.0005281,0.0005281
145,82.3888,1.90953,1.83803,1.20693,0,0,0,0,4.06255,7.52832,2.07222,0.0005248,0.0005248,0.0005248
146,82.9231,1.7494,1.37024,1.17544,0,0,0,0,3.96671,7.16847,2.03558,0.0005215,0.0005215,0.0005215
147,83.4359,1.42334,0.99861,1.07311,0,0,0,0,3.96671,7.16847,2.03558,0.0005182,0.0005182,0.0005182
148,83.9892,1.87739,1.67843,1.25023,0,0,0,0,3.8481,6.87408,2.00224,0.0005149,0.0005149,0.0005149
149,84.4931,1.69438,1.58006,1.18804,0,0,0,0,3.8481,6.87408,2.00224,0.0005116,0.0005116,0.0005116
150,85.0465,1.66594,1.34933,1.15909,0,0,0,0,3.81826,6.75469,1.99129,0.0005083,0.0005083,0.0005083
151,85.5687,2.17138,1.86032,1.24293,0,0,0,0,3.81826,6.75469,1.99129,0.000505,0.000505,0.000505
152,86.1052,1.7435,1.47233,1.16323,0,0,0,0,3.80613,6.7259,1.99541,0.0005017,0.0005017,0.0005017
153,86.6181,1.76483,1.34375,1.04491,0,0,0,0,3.80613,6.7259,1.99541,0.0004984,0.0004984,0.0004984
154,87.1568,1.9476,1.50116,1.20205,0,0,0,0,3.8436,6.71893,1.97993,0.0004951,0.0004951,0.0004951
155,87.6737,1.5362,1.15839,1.10941,0,0,0,0,3.8436,6.71893,1.97993,0.0004918,0.0004918,0.0004918
156,88.2011,1.62915,1.21536,1.09942,0,0,0,0,3.8517,6.72347,1.96312,0.0004885,0.0004885,0.0004885
157,88.7196,1.88094,1.35217,1.15251,0,0,0,0,3.8517,6.72347,1.96312,0.0004852,0.0004852,0.0004852
158,89.2718,1.5323,1.47622,1.14408,0,0,0,0,3.83572,6.77995,1.96509,0.0004819,0.0004819,0.0004819
159,89.8067,1.77924,1.31881,1.13627,0,0,0,0,3.83572,6.77995,1.96509,0.0004786,0.0004786,0.0004786
160,90.3712,1.71356,1.14436,1.09876,0,0,0,0,3.78921,6.94235,2.00305,0.0004753,0.0004753,0.0004753
161,90.9059,1.68092,1.47412,1.1616,0,0,0,0,3.78921,6.94235,2.00305,0.000472,0.000472,0.000472
162,91.7978,1.76054,1.55982,1.18981,0,0,0,0,3.73001,7.09517,2.01705,0.0004687,0.0004687,0.0004687
163,92.5088,1.59336,1.34637,1.09263,0,0,0,0,3.73001,7.09517,2.01705,0.0004654,0.0004654,0.0004654
164,93.096,1.67288,1.44399,1.09989,0,0,0,0,3.84073,7.19511,2.06449,0.0004621,0.0004621,0.0004621
165,93.6199,1.82303,1.38684,1.12447,0,0,0,0,3.84073,7.19511,2.06449,0.0004588,0.0004588,0.0004588
166,94.1954,1.87291,1.4421,1.13927,0,0,0,0,3.97969,7.31201,2.07472,0.0004555,0.0004555,0.0004555
167,94.7594,1.55651,1.15399,0.96736,0,0,0,0,3.97969,7.31201,2.07472,0.0004522,0.0004522,0.0004522
168,95.3233,1.40305,1.20951,1.08122,0,0,0,0,3.97738,7.16389,2.00552,0.0004489,0.0004489,0.0004489
169,95.8556,1.86375,1.47821,1.15134,0,0,0,0,3.97738,7.16389,2.00552,0.0004456,0.0004456,0.0004456
170,96.38,1.56031,1.242,1.02178,0,0,0,0,3.97596,7.07358,1.96665,0.0004423,0.0004423,0.0004423
171,96.8845,1.89909,1.34511,1.1864,0,0,0,0,3.97596,7.07358,1.96665,0.000439,0.000439,0.000439
172,97.419,2.04111,1.4557,1.17044,0,0,0,0,4.09228,6.89119,1.9377,0.0004357,0.0004357,0.0004357
173,97.9521,1.71777,1.16776,1.08478,0,0,0,0,4.09228,6.89119,1.9377,0.0004324,0.0004324,0.0004324
174,98.5107,1.70098,1.19888,1.06464,0,0,0,0,4.00129,6.72862,1.8965,0.0004291,0.0004291,0.0004291
175,99.0301,1.53469,1.23925,1.05116,0,0,0,0,4.00129,6.72862,1.8965,0.0004258,0.0004258,0.0004258
176,99.5556,1.49072,1.22255,1.12743,0,0,0,0,4.01642,6.66855,1.85889,0.0004225,0.0004225,0.0004225
177,100.059,1.77046,1.42716,1.06541,0,0,0,0,4.01642,6.66855,1.85889,0.0004192,0.0004192,0.0004192
178,100.713,1.5621,1.30501,1.1499,0,0,0,0,4.14935,6.74277,1.87311,0.0004159,0.0004159,0.0004159
179,101.232,1.68724,1.38016,1.14372,0,0,0,0,4.14935,6.74277,1.87311,0.0004126,0.0004126,0.0004126
180,101.786,1.77321,1.38185,1.22846,0,0,0,0,4.24035,7.00772,1.87362,0.0004093,0.0004093,0.0004093
181,102.314,1.55972,1.21447,1.04381,0,0,0,0,4.24035,7.00772,1.87362,0.000406,0.000406,0.000406
182,102.95,1.52553,1.43805,1.12277,0,0,0,0,4.14204,7.11328,1.8027,0.0004027,0.0004027,0.0004027
183,103.479,1.4618,1.21049,1.00329,0,0,0,0,4.14204,7.11328,1.8027,0.0003994,0.0003994,0.0003994
184,104.034,1.55849,1.24491,1.06139,0,0,0,0,3.97093,6.72266,1.72158,0.0003961,0.0003961,0.0003961
185,104.561,1.46795,1.15056,1.06715,0,0,0,0,3.97093,6.72266,1.72158,0.0003928,0.0003928,0.0003928
186,105.111,1.39467,0.9772,1.02366,0,0,0,0,4.31573,7.00781,1.91068,0.0003895,0.0003895,0.0003895
187,105.64,1.55278,1.20214,1.09577,0,0,0,0,4.31573,7.00781,1.91068,0.0003862,0.0003862,0.0003862
188,106.185,1.55041,0.99593,1.06172,0,0,0,0,4.75748,7.51292,2.17419,0.0003829,0.0003829,0.0003829
189,106.727,1.32423,1.08322,0.98105,0,0,0,0,4.75748,7.51292,2.17419,0.0003796,0.0003796,0.0003796
190,107.284,1.28547,1.00767,1.01915,0,0,0,0,4.62693,7.28883,2.1847,0.0003763,0.0003763,0.0003763
191,107.806,1.97876,1.53625,1.20117,0,0,0,0,4.62693,7.28883,2.1847,0.000373,0.000373,0.000373
192,108.356,1.86888,1.44807,1.23294,0,0,0,0,4.32446,7.25647,2.13977,0.0003697,0.0003697,0.0003697
193,108.876,1.64061,1.08928,1.14441,0,0,0,0,4.32446,7.25647,2.13977,0.0003664,0.0003664,0.0003664
194,109.427,1.35787,1.00437,1.01182,0,0,0,0,3.8216,7.14106,2.09179,0.0003631,0.0003631,0.0003631
195,110.019,1.19518,0.93702,0.9352,0,0,0,0,3.8216,7.14106,2.09179,0.0003598,0.0003598,0.0003598
196,110.775,1.45156,1.19147,1.11058,0,0,0,0,3.82444,6.93234,2.05671,0.0003565,0.0003565,0.0003565
197,111.482,1.5429,1.12862,1.05974,0,0,0,0,3.82444,6.93234,2.05671,0.0003532,0.0003532,0.0003532
198,112.05,1.38071,1.05762,1.00831,0,0,0,0,3.80233,6.87296,1.99537,0.0003499,0.0003499,0.0003499
199,112.571,1.61162,1.13074,0.98065,0,0,0,0,3.80233,6.87296,1.99537,0.0003466,0.0003466,0.0003466
200,113.1,1.5574,1.26203,0.98161,0,0,0,0,3.9182,6.83016,1.91206,0.0003433,0.0003433,0.0003433
201,113.614,1.67945,1.45505,1.15417,0,0,0,0,3.9182,6.83016,1.91206,0.00034,0.00034,0.00034
202,114.242,1.45295,1.02857,1.06434,0,0,0,0,3.9439,6.93162,1.87326,0.0003367,0.0003367,0.0003367
203,114.769,1.75654,1.27205,1.08944,0,0,0,0,3.9439,6.93162,1.87326,0.0003334,0.0003334,0.0003334
204,115.307,1.69033,1.32017,1.09001,0,0,0,0,3.9232,7.01859,1.88016,0.0003301,0.0003301,0.0003301
205,115.865,1.60498,1.30865,1.08411,0,0,0,0,3.9232,7.01859,1.88016,0.0003268,0.0003268,0.0003268
206,116.442,1.49029,1.02652,0.99885,0,0,0,0,3.84029,7.17363,1.91406,0.0003235,0.0003235,0.0003235
207,117,1.27249,1.02184,1.01935,0,0,0,0,3.84029,7.17363,1.91406,0.0003202,0.0003202,0.0003202
208,117.549,1.46182,1.0574,1.05632,0,0,0,0,3.75695,7.43888,1.96474,0.0003169,0.0003169,0.0003169
209,118.073,1.51578,1.16476,1.08136,0,0,0,0,3.75695,7.43888,1.96474,0.0003136,0.0003136,0.0003136
210,118.634,1.47967,1.21766,1.0656,0,0,0,0,3.6349,7.62558,2.02145,0.0003103,0.0003103,0.0003103
211,119.155,1.79987,1.36321,1.07018,0,0,0,0,3.6349,7.62558,2.02145,0.000307,0.000307,0.000307
212,119.692,1.7023,1.45832,1.19414,0,0,0,0,3.42922,7.84008,2.07828,0.0003037,0.0003037,0.0003037
213,120.221,1.62918,1.28693,1.09416,0,0,0,0,3.42922,7.84008,2.07828,0.0003004,0.0003004,0.0003004
214,120.777,1.40501,1.04412,1.05583,0,0,0,0,3.29907,7.97916,2.11686,0.0002971,0.0002971,0.0002971
215,121.322,1.79295,1.40074,1.0862,0,0,0,0,3.29907,7.97916,2.11686,0.0002938,0.0002938,0.0002938
216,121.887,1.4808,1.1193,1.05396,0,0,0,0,3.29111,7.91816,2.12775,0.0002905,0.0002905,0.0002905
217,122.412,1.58292,1.21578,1.16716,0,0,0,0,3.29111,7.91816,2.12775,0.0002872,0.0002872,0.0002872
218,122.983,1.75763,1.25579,1.14526,0,0,0,0,3.37658,7.8022,2.13689,0.0002839,0.0002839,0.0002839
219,123.499,1.3989,1.03438,1.05247,0,0,0,0,3.37658,7.8022,2.13689,0.0002806,0.0002806,0.0002806
220,124.043,1.46738,1.08022,1.13077,0,0,0,0,3.42717,7.69629,2.13827,0.0002773,0.0002773,0.0002773
221,124.556,1.62987,1.39852,1.07869,0,0,0,0,3.42717,7.69629,2.13827,0.000274,0.000274,0.000274
222,125.193,1.63561,1.29695,1.03168,0,0,0,0,3.47314,7.62729,2.14444,0.0002707,0.0002707,0.0002707
223,125.756,1.56603,1.14666,1.04239,0,0,0,0,3.47314,7.62729,2.14444,0.0002674,0.0002674,0.0002674
224,126.312,1.32108,1.24105,1.05517,0,0,0,0,3.48811,7.47681,2.12601,0.0002641,0.0002641,0.0002641
225,126.85,1.32752,0.94969,1.02042,0,0,0,0,3.48811,7.47681,2.12601,0.0002608,0.0002608,0.0002608
226,127.386,1.17231,0.85023,0.99428,0,0,0,0,3.60306,7.41409,2.09165,0.0002575,0.0002575,0.0002575
227,127.899,1.05956,0.80395,0.96214,0,0,0,0,3.60306,7.41409,2.09165,0.0002542,0.0002542,0.0002542
228,128.484,1.16839,0.83117,0.88226,0,0,0,0,3.68177,7.36338,2.05593,0.0002509,0.0002509,0.0002509
229,129.171,1.18489,0.90547,0.98679,0,0,0,0,3.68177,7.36338,2.05593,0.0002476,0.0002476,0.0002476
230,129.862,1.49432,1.00629,0.98831,0,0,0,0,3.90923,7.34601,1.96488,0.0002443,0.0002443,0.0002443
231,130.513,1.20075,1.02852,0.97157,0,0,0,0,3.90923,7.34601,1.96488,0.000241,0.000241,0.000241
232,131.085,1.73371,1.22612,1.29893,0,0,0,0,4.02785,7.65292,1.88319,0.0002377,0.0002377,0.0002377
233,131.641,1.26062,1.03293,0.95853,0,0,0,0,4.02785,7.65292,1.88319,0.0002344,0.0002344,0.0002344
234,132.22,1.34248,1.03027,0.98675,0,0,0,0,3.42309,6.69531,1.53711,0.0002311,0.0002311,0.0002311
235,132.752,1.33416,1.05679,1.03472,0,0,0,0,3.42309,6.69531,1.53711,0.0002278,0.0002278,0.0002278
236,133.324,1.59465,1.21062,1.06737,0,0,0,0,3.20624,6.35156,1.41355,0.0002245,0.0002245,0.0002245
237,133.883,1.20395,1.02314,1.01506,0,0,0,0,3.20624,6.35156,1.41355,0.0002212,0.0002212,0.0002212
238,134.453,1.18776,1.01687,0.94981,0,0,0,0,3.10627,6.1875,1.37746,0.0002179,0.0002179,0.0002179
239,134.981,1.38263,1.26231,1.04714,0,0,0,0,3.10627,6.1875,1.37746,0.0002146,0.0002146,0.0002146
240,135.533,1.53306,1.11206,1.04657,0,0,0,0,2.98457,5.84375,1.31657,0.0002113,0.0002113,0.0002113
241,136.07,1.63315,1.03538,1.08929,0,0,0,0,2.98457,5.84375,1.31657,0.000208,0.000208,0.000208
242,136.711,1.57695,1.11466,1.12906,0,0,0,0,2.89561,5.55859,1.27817,0.0002047,0.0002047,0.0002047
243,137.271,1.36971,0.92256,0.98211,0,0,0,0,2.89561,5.55859,1.27817,0.0002014,0.0002014,0.0002014
244,137.826,1.51029,1.20757,1.12369,0,0,0,0,2.85143,5.30078,1.2582,0.0001981,0.0001981,0.0001981
245,138.348,1.11873,0.86854,0.92529,0,0,0,0,2.85143,5.30078,1.2582,0.0001948,0.0001948,0.0001948
246,138.888,1.32631,1.16891,0.96502,0,0,0,0,2.90564,5.1875,1.2881,0.0001915,0.0001915,0.0001915
247,139.412,1.45249,1.07343,0.94176,0,0,0,0,2.90564,5.1875,1.2881,0.0001882,0.0001882,0.0001882
248,139.949,1.66097,1.34497,1.2332,0,0,0,0,2.7804,4.92969,1.2247,0.0001849,0.0001849,0.0001849
249,140.486,1.27157,1.01793,1.015,0,0,0,0,2.7804,4.92969,1.2247,0.0001816,0.0001816,0.0001816
250,141.021,1.4676,0.89578,1.03986,0,0,0,0,2.73565,4.75,1.19759,0.0001783,0.0001783,0.0001783
251,141.529,1.56401,1.31695,1.07343,0,0,0,0,2.73565,4.75,1.19759,0.000175,0.000175,0.000175
252,142.053,1.28284,0.92058,0.96793,0,0,0,0,2.67144,4.64062,1.16875,0.0001717,0.0001717,0.0001717
253,142.578,1.33139,1.27058,1.03006,0,0,0,0,2.67144,4.64062,1.16875,0.0001684,0.0001684,0.0001684
254,143.116,1.43692,1.0551,1.07577,0,0,0,0,2.65679,4.57812,1.1573,0.0001651,0.0001651,0.0001651
255,143.653,1.39617,1.08994,1.0334,0,0,0,0,2.65679,4.57812,1.1573,0.0001618,0.0001618,0.0001618
256,144.191,1.35104,0.97321,1.04642,0,0,0,0,2.61274,4.53125,1.13283,0.0001585,0.0001585,0.0001585
257,144.708,1.32972,1.05807,1.03358,0,0,0,0,2.61274,4.53125,1.13283,0.0001552,0.0001552,0.0001552
258,145.243,1.4117,1.12018,1.0945,0,0,0,0,2.59715,4.53906,1.1254,0.0001519,0.0001519,0.0001519
259,145.754,1.18296,0.88817,0.9601,0,0,0,0,2.59715,4.53906,1.1254,0.0001486,0.0001486,0.0001486
260,146.3,1.43563,1.06754,1.07639,0,0,0,0,2.60232,4.57031,1.12321,0.0001453,0.0001453,0.0001453
261,147.001,1.70336,1.50293,1.01482,0,0,0,0,2.60232,4.57031,1.12321,0.000142,0.000142,0.000142
262,147.889,1.64192,1.52116,1.08172,0,0,0,0,2.57663,4.60547,1.11102,0.0001387,0.0001387,0.0001387
263,148.493,1.49765,1.26705,0.9881,0,0,0,0,2.57663,4.60547,1.11102,0.0001354,0.0001354,0.0001354
264,149.058,1.29286,1.01912,1.01229,0,0,0,0,2.62075,4.76953,1.13682,0.0001321,0.0001321,0.0001321
265,149.604,1.55059,1.36946,1.05636,0,0,0,0,2.62075,4.76953,1.13682,0.0001288,0.0001288,0.0001288
266,150.149,1.32341,0.91173,1.06356,0,0,0,0,2.64974,4.89453,1.14751,0.0001255,0.0001255,0.0001255
267,150.665,1.437,0.8818,1.06203,0,0,0,0,2.64974,4.89453,1.14751,0.0001222,0.0001222,0.0001222
268,151.206,1.29257,1.15106,0.98373,0,0,0,0,2.66358,5,1.15523,0.0001189,0.0001189,0.0001189
269,151.712,1.60642,1.49206,1.11349,0,0,0,0,2.66358,5,1.15523,0.0001156,0.0001156,0.0001156
270,152.248,1.55674,1.52333,1.07547,0,0,0,0,2.64776,5.0625,1.14787,0.0001123,0.0001123,0.0001123
271,152.768,1.33937,1.06624,1.07522,0,0,0,0,2.64776,5.0625,1.14787,0.000109,0.000109,0.000109
272,153.298,1.23356,0.96633,0.9764,0,0,0,0,2.69398,5.28125,1.17596,0.0001057,0.0001057,0.0001057
273,153.813,1.4294,1.04026,0.94825,0,0,0,0,2.69398,5.28125,1.17596,0.0001024,0.0001024,0.0001024
274,154.373,1.13184,0.78809,0.92737,0,0,0,0,2.71239,5.4375,1.18239,9.91e-05,9.91e-05,9.91e-05
275,154.896,1.50664,1.34613,1.13705,0,0,0,0,2.71239,5.4375,1.18239,9.58e-05,9.58e-05,9.58e-05
276,155.443,1.26504,1.09139,1.02787,0,0,0,0,2.68552,5.5,1.17025,9.25e-05,9.25e-05,9.25e-05
277,155.967,1.51875,1.11268,1.00749,0,0,0,0,2.68552,5.5,1.17025,8.92e-05,8.92e-05,8.92e-05
278,156.521,1.46562,1.08202,0.95951,0,0,0,0,2.70204,5.625,1.1807,8.59e-05,8.59e-05,8.59e-05
279,157.064,1.60523,1.43206,1.29098,0,0,0,0,2.70204,5.625,1.1807,8.26e-05,8.26e-05,8.26e-05
280,157.602,1.47955,1.06091,1.02849,0,0,0,0,2.69105,5.70312,1.17116,7.93e-05,7.93e-05,7.93e-05
281,158.114,1.17295,0.77376,0.92177,0,0,0,0,2.69105,5.70312,1.17116,7.6e-05,7.6e-05,7.6e-05
282,158.734,1.34197,0.9467,1.00514,0,0,0,0,2.65052,5.73047,1.15393,7.27e-05,7.27e-05,7.27e-05
283,159.267,1.20042,0.93088,0.96518,0,0,0,0,2.65052,5.73047,1.15393,6.94e-05,6.94e-05,6.94e-05
284,159.807,1.33621,1.01166,0.937,0,0,0,0,2.72795,5.80078,1.19533,6.61e-05,6.61e-05,6.61e-05
285,160.328,1.18447,0.90851,0.95406,0,0,0,0,2.72795,5.80078,1.19533,6.28e-05,6.28e-05,6.28e-05
286,160.969,1.31603,0.89598,0.96617,0,0,0,0,2.70969,5.76172,1.18532,5.95e-05,5.95e-05,5.95e-05
287,161.491,1.31542,1.0385,0.92821,0,0,0,0,2.70969,5.76172,1.18532,5.62e-05,5.62e-05,5.62e-05
288,162.043,1.27337,0.8669,0.97925,0,0,0,0,2.76118,5.75391,1.20641,5.29e-05,5.29e-05,5.29e-05
289,162.572,1.29075,0.84721,0.9567,0,0,0,0,2.76118,5.75391,1.20641,4.96e-05,4.96e-05,4.96e-05
290,163.131,1.20676,0.7513,1.00045,0,0,0,0,2.75734,5.71094,1.2083,4.63e-05,4.63e-05,4.63e-05
291,165.448,1.34505,0.90115,1.08411,0,0,0,0,2.75734,5.71094,1.2083,4.3e-05,4.3e-05,4.3e-05
292,166.39,1.43746,1.0816,1.0174,0,0,0,0,2.67453,5.74609,1.16641,3.97e-05,3.97e-05,3.97e-05
293,167.102,1.09707,0.88601,1.02848,0,0,0,0,2.67453,5.74609,1.16641,3.64e-05,3.64e-05,3.64e-05
294,167.686,1.35744,0.96311,1.1375,0,0,0,0,2.5501,5.71094,1.10604,3.31e-05,3.31e-05,3.31e-05
295,168.24,1.23421,0.89058,0.99181,0,0,0,0,2.5501,5.71094,1.10604,2.98e-05,2.98e-05,2.98e-05
296,168.786,1.1035,0.87639,1.02077,0,0,0,0,2.49618,5.80078,1.08432,2.65e-05,2.65e-05,2.65e-05
297,169.306,1.14197,0.87461,0.98005,0,0,0,0,2.49618,5.80078,1.08432,2.32e-05,2.32e-05,2.32e-05
298,169.835,1.34191,1.06648,0.97513,0,0,0,0,2.4777,6.10156,1.07447,1.99e-05,1.99e-05,1.99e-05
299,170.356,1.2424,1.01589,1.01963,0,0,0,0,2.4777,6.10156,1.07447,1.66e-05,1.66e-05,1.66e-05
300,170.89,1.28154,0.84337,0.9698,0,0,0,0,2.48922,6.34766,1.07513,1.33e-05,1.33e-05,1.33e-05
